Zone Name,Comment,Power,RX Freq,TX Freq,Color Code,DMARC WW,Local 2,DMARC NA,Local 8,Local 9,DMARC WW English,DMR+ USA,USA 1776,BM WW,BM Europe,BM NA,BM Radio Test,TAC 1,TAC 310,TAC 311,TAC 312,TAC 313,TAC 314,TAC 315,TAC 316,TAC 317,TAC 318,TAC 319,Saudi Arabia,UAE,Hong Kong,China,Russia Global,BM USA Bridge,Alabama,Florida,Georgia,North Carolina,South Carolina,Tennessee,Washington (WA),Oregon,South East,PNW 1,PNW 2,PNW Regional,PNW West,Atlanta Metro,South GA,SETN NWGA (TAG),North GA,Central GA,Southwest GA,GA KingsLand,Gulf Coast,FL Gulf Coast,First Coast,Outer Banks,King County (WA),BayNet (WA),Puget Sound,Seattle 1,Seattle 2,Las Vegas,GA SKYWARN,GA ARES,FL ARES,FL NE ARES,WA ARES,WA ARES TAC,US Hurricane Net,WW Maritime,WW Aviation,TGIF Funhouse,Kings of Digital,RVing Hams,Venture Overland,America-Link,Truck-N-Travel,DMR of Anarchy,Pi-Star Chat,Ham Shack,Russian Muricans,Geeks in Jeeps,Weather Watching,Handi-Hams,HamFurs,Reddit,LGBTQ,COMM1,COMM2,Disconnect,Parrot,Audio Test,GPS Report,Pi-Star Reboot,Pi-Star Shutdown
Pi-Star (ATL),ATL/SE Channels,Low,444.4,444.4,1,2,-,2,-,-,2,2,2,2,-,2,-,2,2,2,2,2,2,2,2,2,2,2,-,-,-,-,-,2,2,2,2,2,2,2,-,-,2,-,-,-,-,2,2,2,2,2,2,2,2,2,2,2,-,-,-,-,-,-,2,2,2,2,-,-,2,-,-,-,-,-,-,-,-,-,-,-,-,-,-,-,-,-,-,2,2,2,2,-,2,-,-
Pi-Star (PNW),PNW Channels,Low,444.4,444.4,1,2,-,2,-,-,2,2,2,2,-,2,-,2,2,2,2,2,2,2,2,2,2,2,-,-,-,-,-,2,-,-,-,-,-,-,2,2,-,2,2,2,2,-,-,-,-,-,-,-,-,-,-,-,2,2,2,2,2,-,-,-,-,-,2,2,-,-,-,-,-,-,-,-,-,-,-,-,-,-,-,-,-,-,-,2,2,2,2,-,2,-,-
Pi-Star (Weird),Weird/Unusual Channels,Low,444.4,444.4,1,-,-,-,-,-,-,-,-,-,2,-,2,-,-,-,-,-,-,-,-,-,-,-,2,2,2,2,2,-,-,-,-,-,-,-,-,-,-,-,-,-,-,-,-,-,-,-,-,-,-,-,-,-,-,-,-,-,-,2,-,-,-,-,-,-,-,2,2,2,2,2,2,2,2,2,2,2,2,2,2,2,2,2,2,-,-,2,2,-,-,-,-
Pi-Star (MGMT),Pi-Star management,Low,444.4,444.4,1,-,-,-,-,-,-,-,-,-,-,-,-,-,-,-,-,-,-,-,-,-,-,-,-,-,-,-,-,-,-,-,-,-,-,-,-,-,-,-,-,-,-,-,-,-,-,-,-,-,-,-,-,-,-,-,-,-,-,-,-,-,-,-,-,-,-,-,-,-,-,-,-,-,-,-,-,-,-,-,-,-,-,-,-,-,-,2,2,2,2,2,2
W4DOC  (ATL),W4DOC DMR,High,444.825,449.825,10,1,2,1,1,2,1,1,2,1,-,1,-,2,2,2,2,-,-,-,-,-,-,-,-,-,-,-,-,2,-,-,2,-,-,2,-,-,2,-,-,-,-,-,-,-,2,-,-,-,-,-,2,-,-,-,-,-,-,-,2,2,-,-,-,-,-,-,-,-,-,-,-,-,-,-,-,-,-,-,-,2,-,-,-,1,2,1,1,-,-,-,-
W4KIP (SweatUHF),Big Shanty Repeater Group,High,444.775,449.775,1,-,2,-,-,2,-,-,-,1,-,1,-,-,1,1,1,-,-,-,-,-,-,-,-,-,-,-,-,1,-,-,2,-,-,-,-,-,-,-,-,-,-,1,-,-,-,-,-,-,-,-,-,-,-,-,-,-,-,-,-,-,-,-,-,-,-,-,-,-,-,-,-,-,-,-,-,-,-,-,-,-,-,-,-,-,-,1,1,1,1,-,-
W4KIP (SweatVHF),Big Shanty Repeater Group,High,146.73,146.13,1,-,2,-,-,2,-,-,-,1,-,1,-,-,1,1,1,-,-,-,-,-,-,-,-,-,-,-,-,1,-,-,2,-,-,-,-,-,-,-,-,-,-,1,-,-,-,-,-,-,-,-,-,-,-,-,-,-,-,-,-,-,-,-,-,-,-,-,-,-,-,-,-,-,-,-,-,-,-,-,-,-,-,-,-,-,-,1,1,1,1,-,-
W4KIP (PineLog),Big Shanty Repeater Group,High,444.05,449.05,1,-,2,-,-,2,-,-,-,1,-,1,-,-,1,1,1,-,-,-,-,-,-,-,-,-,-,-,-,1,-,-,2,-,-,-,-,-,-,-,-,-,-,1,-,-,-,-,-,-,-,-,-,-,-,-,-,-,-,-,-,-,-,-,-,-,-,-,-,-,-,-,-,-,-,-,-,-,-,-,-,-,-,-,-,-,-,1,1,1,1,-,-
W4KIP (Auburn),Big Shanty Repeater Group,High,444.775,449.775,1,-,2,-,-,2,-,-,-,1,-,1,-,-,1,1,1,-,-,-,-,-,-,-,-,-,-,-,-,1,-,-,2,-,-,-,-,-,-,-,-,-,-,1,-,-,-,-,-,-,-,-,-,-,-,-,-,-,-,-,-,-,-,-,-,-,-,-,-,-,-,-,-,-,-,-,-,-,-,-,-,-,-,-,-,-,-,1,1,1,1,-,-
W4KIP (ATL),Big Shanty Repeater Group,High,444.9375,449.9375,1,-,2,-,-,2,-,-,-,1,-,1,-,-,1,1,1,-,-,-,-,-,-,-,-,-,-,-,-,1,-,-,2,-,-,-,-,-,-,-,-,-,-,1,-,-,-,-,-,-,-,-,-,-,-,-,-,-,-,-,-,-,-,-,-,-,-,-,-,-,-,-,-,-,-,-,-,-,-,-,-,-,-,-,-,-,-,1,1,1,1,-,-
W4KIP (Valdosta),Big Shanty Repeater Group,High,442.7215,447.7215,1,-,2,-,-,2,-,-,-,1,-,1,-,-,1,1,1,-,-,-,-,-,-,-,-,-,-,-,-,1,-,-,2,-,-,-,-,-,-,-,-,-,-,1,-,-,-,-,-,-,-,-,-,-,-,-,-,-,-,-,-,-,-,-,-,-,-,-,-,-,-,-,-,-,-,-,-,-,-,-,-,-,-,-,-,-,-,1,1,1,1,-,-
Seattle/Cougar,,High,441.2875,446.2875,1,-,2,-,-,-,2,-,2,2,-,2,-,2,2,2,2,2,2,2,2,2,2,2,-,-,-,-,-,2,-,-,-,-,-,-,1,1,-,1,2,2,-,-,-,-,-,-,-,-,-,-,-,-,-,-,-,-,-,-,-,-,-,-,-,-,-,-,-,-,-,-,-,-,-,-,-,-,-,-,-,-,-,-,-,1,2,1,1,-,-,-,-
Seattle/Metro,,High,441.325,446.325,1,-,2,-,-,-,2,-,2,2,-,-,-,2,2,-,-,-,-,-,-,-,-,-,-,-,-,-,-,2,-,-,-,-,-,-,1,1,-,1,2,2,-,-,-,-,-,-,-,-,-,-,-,-,-,-,-,-,-,-,-,-,-,-,-,-,-,-,-,-,-,-,-,-,-,-,-,-,-,-,-,-,-,-,-,-,-,1,1,-,-,-,-
Seattle/Tiger,,High,442.025,447.025,1,-,2,-,-,-,2,-,2,2,-,-,-,2,2,-,-,-,-,-,-,-,-,-,-,-,-,-,-,2,-,-,-,-,-,-,1,1,-,1,2,2,-,-,-,-,-,-,-,-,-,-,-,-,-,-,-,-,-,-,-,-,-,-,-,-,-,-,-,-,-,-,-,-,-,-,-,-,-,-,-,-,-,-,-,-,-,1,1,2,-,-,-